song_title,artist,rank_t,tempo
Glimpse of Us,Joji,97,169.914
As It Was,Harry Styles,96,173.93
Running Up That Hill (A Deal With God),Kate Bush,95,108.375
Late Night Talking,Harry Styles,93,114.996
Jimmy Cooks (feat. 21 Savage),Drake,92,165.921
About Damn Time,Lizzo,92,108.966
MIDDLE OF THE NIGHT,Elley Duhé,91,185.727
Sweater Weather,The Neighbourhood,90,124.053
Dandelions,Ruth B.,90,116.959
Blinding Lights,The Weeknd,90,171.005
Until I Found You,Stephen Sanchez,90,101.358
Another Love,Tom Odell,89,122.769
Heat Waves,Glass Animals,89,80.87
Woman,Doja Cat,89,107.998
First Class,Jack Harlow,89,106.998
SNAP,Rosa Linn,89,169.985
STAY (with Justin Bieber),The Kid LAROI,89,169.928
good 4 u,Olivia Rodrigo,88,166.928
THATS WHAT I WANT,Lil Nas X,88,87.981
The Motto,Tiësto,87,117.953
abcdefu,GAYLE,87,121.932
Betty (Get Money),Yung Gravy,87,102.004
Enemy (with JID) - from the series Arcane League of Legends,Imagine Dragons,87,77.011
MAMIII,"Becky G, KAROL G",87,93.991
Wait a Minute!,WILLOW,86,101.003
House of Memories,Panic! At The Disco,86,109.952
Beggin',Måneskin,86,134.002
Envolver,Anitta,86,91.993
INDUSTRY BABY (feat. Jack Harlow),Lil Nas X,86,149.995
Bad Habit,Steve Lacy,86,168.946
Afraid To Feel,LF SYSTEM,86,127.87
Peaches (feat. Daniel Caesar & Giveon),Justin Bieber,86,90.03
Freaks,Surf Curse,85,179.626
Levitating (feat. DaBaby),Dua Lipa,85,102.977
Need to Know,Doja Cat,85,130.041
Thousand Miles,The Kid LAROI,84,80.565
The Less I Know The Better,Tame Impala,84,116.879
love nwantiti (ah ah ah),CKay,84,93.005
You Right,Doja Cat,84,128.986
Friday (feat. Mufasa & Hypeman) - Dopamine Re-Edit,Riton,83,122.98
The Business,Tiësto,83,120.031
Cooped Up (with Roddy Ricch),Post Malone,83,93.923
Bam Bam,"Camila Cabello, Ed Sheetan",83,94.996
Better Days (NEIKED x Mae Muller x Polo G),NEIKED,83,110.054
"1, 2, 3 (feat. Jason Derulo & De La Ghetto)",Sofía Reyes,82,94.968
Electric Love,BØRNS,82,120.041
Todo De Ti,Rauw Alejandro,82,127.949
telepatía,Kali Uchis,82,83.97
Beautiful Mistakes (feat. Megan Thee Stallion),Maroon 5,82,99.048
death bed (coffee for your head),Powfu,82,144.026
Kiss Me More (feat. SZA),Doja Cat,82,110.968
What You Know Bout Love,Pop Smoke,81,83.995
Jiggle Jiggle,Duke & Jones,81,99.992
The Box,Roddy Ricch,81,116.971
Meet Me At Our Spot,THE ANXIETY,81,94.995
Good Days,SZA,81,121.002
Ain't Shit,Doja Cat,81,124.097
Life Goes On,Oliver Tree,80,79.982
Say So,Doja Cat,80,110.962
For The Night (feat. Lil Baby & DaBaby),Pop Smoke,80,125.971
WAP (feat. Megan Thee Stallion),Cardi B,80,133.073
34+35,Ariana Grande,80,109.978
ROCKSTAR (feat. Roddy Ricch),DaBaby,80,89.977
SAD GIRLZ LUV MONEY Remix (feat. Kali Uchis and Moliy),"Amaarae, Kali Uchis, Moliy",80,110.02
Good Looking,Suki Waterhouse,80,149.971
WITHOUT YOU,The Kid LAROI,80,93.005
MONEY,LISA,79,140.026
I Hate U,SZA,79,106.703
In Your Eyes,The Weeknd,79,100.021
TO THE MOON,Jnr Choi,79,144.047
Astronaut In The Ocean,Masked Wolf,79,149.996
Don't Start Now,Dua Lipa,79,123.941
Light Switch,Charlie Puth,79,184.009
ROXANNE,Arizona Zervas,78,116.735
Rover (feat. DTG),S1mba,78,62.948
Break My Heart,Dua Lipa,78,113.011
Boss Bitch,Doja Cat,78,125.989
Mood Swings (feat. Lil Tjay),Pop Smoke,78,179.798
Play Date,Melanie Martinez,78,123.97
I Don't Care (with Justin Bieber),Ed Sheeran,78,101.956
Wellerman - Sea Shanty / 220 KID x Billen Ted Remix,Nathan Evans,77,119.932
Life Is Good (feat. Drake),Future,77,142.037
Savage Love (Laxed - Siren Beat),Jawsh 685,77,150.076
Cupid's Chokehold / Breakfast in America,Gym Class Heroes,77,78.953
Hawái,Maluma,77,180.067
Intentions (feat. Quavo),Justin Bieber,77,147.986
Be Kind (with Halsey),Marshmello,77,93.995
edamame (feat. Rich Brian),bbno$,77,106.032
Sunday Best,Surfaces,77,112.022
Without Me,Halsey,77,136.041
OUT WEST (feat. Young Thug),JACKBOYS,77,139.864
I AM WOMAN,Emmy Meli,76,170.084
Talking to the Moon,Bruno Mars,76,145.867
"More Than A Woman - From ""Saturday Night Fever"" Soundtrack",Bee Gees,76,106.164
Lemonade,Internet Money,76,140.04
Build a Bitch,Bella Poarch,76,102.931
THE SCOTTS,THE SCOTTS,76,129.979
BOP,DaBaby,76,126.77
Baby Girl,Disco Lines,76,120.968
Frozen,Madonna,76,110.005
Therefore I Am,Billie Eilish,75,94.009
Pumped Up Kicks,Madism,75,123.903
Blueberry Faygo,Lil Mosey,75,99.034
Girls Like You (feat. Cardi B) - Cardi B Version,Maroon 5,74,124.959
Pope Is a Rockstar,SALES,74,90.024
Whoopty,CJ,74,140.201
HOLIDAY,Lil Nas X,73,151.947
Cold Heart - PNAU Remix,Elton John,73,116.032
Jalebi Baby (Tesher x Jason Derulo),Tesher,73,93.059
Dinero,Trinidad Cardona,73,119.997
Running Away,VANO 3000,72,93.688
Freak,Doja Cat,72,116.912
Thot Shit,Megan Thee Stallion,72,130.02
TKN (feat. Travis Scott),ROSALÍA,72,94.634
"Gravity (feat. Tyler, The Creator)",Brent Faiyaz,72,163.924
Supalonely,BENEE,72,128.977
Down Under (feat. Colin Hay),Luude,72,171.966
Party Girl,StaySolidRocky,71,130.022
INFERNO,Sub Urban,71,127.883
Up,Cardi B,70,166.0
Savage,Megan Thee Stallion,70,168.983
Plug Walk,Rich The Kid,70,94.981
Baby I'm Yours,Breakbot,69,118.05
Toosie Slide,Drake,69,81.604
Rockstar,Ilkay Sencan,69,100.012
Ameno Amapiano Remix (You Wanna Bamba),Goya Menor,68,112.998
Tap In,Saweetie,67,100.036
FLIP THE SWITCH (feat. Drake),Quavo,67,86.048
Just The Two of Us,Kauai45,67,81.672
Bundles (feat. Taylor Girlz),Kayla Nicole,67,130.022
Vacation,Dirty Heads,67,150.064
So Pretty,Reyanna Maria,66,187.906
Creep,Naeleck,65,124.013
Banana (feat. Shaggy) - DJ FLe - Minisiren Remix,Conkarah,65,95.114
Renee,SALES,65,108.957
dirty laundry,blackbear,65,100.044
Running To You (feat. Caden),VINAI,65,124.09
Memories,Coopex,64,123.979
Boys Ain't Shit,SAYGRACE,64,102.999
Don't Rush (feat. Headie One),Young T & Bugsey,63,108.028
That Way,Lil Uzi Vert,62,129.962
Follow Me,Senhit,60,122.014
Astronomia,Vicetone,60,126.093
Say It Right,Coopex,60,125.976
Pepas,YES YES,58,125.973
Oh No,Kreepa,58,176.123
The Plan,Arman Aydin,58,124.034
Left and Right (Charlie Puth) [feat. Jung Kook of BTS] - Sped Up Version,sped up nightcore,58,114.269
Free Falling Love,Lucas Estrada,58,120.012
motive (with Doja Cat),Ariana Grande,57,116.965
Flex On My Ex (with Bankrol Hayden),KillBunk,57,85.285
Paint It Black,Dame Dame,56,125.985
Demons,CPX,56,124.056
Being Good Is Boring,Jena Rose,55,111.986
Wicked Game,YES YES,55,125.005
Ready 4 Luv - TMLH Summer Mix,CAZZETTE,55,125.09
Counting Stars,Farux,54,124.791
Say My Name,Why Not,54,125.981
On My Way!,P.S.,54,119.021
Heart of Glass,Nito-Onna,54,123.89
Forever,Gianni Blu,54,124.998
Work from Home,Coopex,54,125.014
When You're Gone,Paradigm,53,124.036
Crazy,Alex D'Rosso,53,123.056
Fly,Alex D'Rosso,53,140.142
Lost on You,sad girls,53,121.796
California Dreaming,Jorm,53,124.048
Only Girl,Coopex,52,127.983
Long Road,HotBlock Jmoe,52,162.039
Complicated,Nito-Onna,52,134.088
I Wanna Know,Alex Alexander,52,112.043
Can't Get You Out of My Head,loafers,52,129.886
Would I Lie to You,MISERO,51,120.067
Ocean Drive,Harddope,51,120.009
Riptide,Viva La Panda,51,101.996
Leap of Faith,Alex Alexander,51,169.893
Forever,Nadia Gattas,51,124.038
Rude Boy,YES YES,50,101.995
Good Morning,P.S.,50,171.907
Say It Right,MØRFI,50,124.084
Later Bitches,The Prince Karma,49,121.116
Moi... Lolita,Monaldin,49,109.92
Cool for the Summer,Alex D'Rosso,49,136.01
RAPSTAR,Polo G,49,81.039
Whatever You Like,DLAY,49,123.976
You Don't Know Me,Dame Dame,49,124.953
Without You,Baby Bluu,49,120.119
The Hills,Farux,48,125.916
Play With Me,Ana Shine,48,95.065
Glad You Came,Braaheim,48,125.997
Young Folks,Jungle Jonsson,48,134.977
Apologize,Farux,48,126.109
DÁKITI,Dame Dame,47,121.975
The Boss,Coopex,47,125.992
Kiss Me,Lucas Estrada,47,107.938
Tainted Love,Thatsimo,47,126.024
That Bxtch,Taylor Watson,47,163.87
One too Many Times,JRL,47,122.023
Rather Be,Cabuizee,46,120.978
Warning / Signs,Matvey Emerson,46,121.976
Serenity,Shab,46,117.979
Moves Like Jagger,Timemachine,46,127.851
As It Was,Michael Shynes,46,104.98
Love Me Again,CPX,46,125.0
Payphone,Faruk Orman,45,125.07
Chaa Chaa Chaa (feat. HoodCelebrityy),Girll Codee,45,139.925
Lovely,Alfons,45,128.078
Best Friend (feat. Doja Cat),Saweetie,45,94.018
When Hello Means Goodbye,Alex Alexander,44,166.016
Let Her Go,LANDR,44,120.018
Sunroof,Nicky Youre,44,131.43
Mr. Saxobeat,Nito-Onna,43,123.901
Feel Your Love,Yusuf Alev,43,124.981
What's up?,LeXxìv,43,120.06
Ocean Eyes,Farux,42,125.989
Dreamer,Astelle,42,150.056
Pieces,Nippandab,42,122.076
"Hey, Soul Sister",LANDR,41,105.101
On My Way,Alex Alexander,40,96.039
Paid,Astelle,39,117.993
K Boy Bye,Astelle,39,159.87
We Know,JAM & Philly,39,112.114
Wild & Free,Nander,39,155.941
Old Times,Xtinctor,38,92.992
Falling Down,Andrew Nagy,38,123.005
Let It Go,Dame Dame,38,122.039
Why,Padé,38,186.049
Lies,Dame Dame,37,122.015
When the Sun Goes Down,Martin van Lectro,37,123.752
Over You,Myrrhe,37,98.948
Beauty And A Beat,Glamii,36,128.054
credit union,Kinrose,32,148.95
Red Flag,Pia Baris,31,126.069
Leave The Door Open,Bruno Mars,31,148.088
When You Were Young,Amero,31,125.998
drivers license,Olivia Rodrigo,29,143.874
Bad Habits,Ed Sheeran,22,126.026
Mood (feat. iann dior),"24kGoldn, iann dior",18,90.989
Blinding Lights,The Weeknd,18,171.017
Falling,Trevor Daniel,15,127.085
Calling My Phone,Lil Tjay,15,104.949
hot girl bummer,blackbear,5,129.989
WHATS POPPIN,Jack Harlow,4,145.062
MONTERO (Call Me By Your Name),Lil Nas X,4,178.818
The Git Up,Blanco Brown,3,97.984
positions,Ariana Grande,3,144.005
Aesthetic,Xilo,2,169.837
Falling for U,Peachy!,1,79.509
Write This Down (Instrumental),SoulChef,1,93.005
Put Your Records On,Ritt Momney,1,91.066
Lost,Frank Ocean,0,123.07
Shooting Stars,Bag Raiders,0,124.968
Skechers,DripReport,0,99.998
AMG,Jt5k,0,87.849
Fever - Remix,XY&O,0,120.018
Buss It,Erica Banks,0,109.997
Looking for Love,Asketa & Natan Chaim,0,120.004
She Wolf (Falling to Pieces),YES YES,0,125.03
What If,HOURS,0,126.001
Backyard Boy,Claire Rosinkranz,0,138.026
Slow Down,Coopex,0,128.048
Without You,John De Sohn,0,124.968
Right Here Waiting,Boostereo,0,115.052
